{
    "mass": 1845.0,
    "length": 4.791779518127441,
    "width": 2.163450002670288,
    "height": 1.4876600503921509,
    "yaw_moment_of_inertia": 4249.9062804014575,
    "distance_to_front_tires": 2.3958897590637207,
    "distance_to_rear_tires": 2.3958897590637207,
    "tire_radius": 37.0,
    "tire_width": 3.5,
    "suspension_stiffness": null,
    "suspension_damping": 0.25,
    "tire_friction": 3.5,
    "max_steering_angle": 69.99999237060547,
    "max_throttle": 1.0,
    "max_brake": 1.0,
    "cornering_stiffness_front": 12000,
    "cornering_stiffness_rear": 11000,
    "longitudinal_accel_time_constant": 0.5
}